symbol,name,exchange,gatewayName,productClass,size,priceTick
sn1802,锡1802,SHFE,CTP,期货,1,10.0
MA708,甲醇MA708,CZCE,CTP,期货,10,1.0
sn1801,锡1801,SHFE,CTP,期货,1,10.0
sn1804,锡1804,SHFE,CTP,期货,1,10.0
sn1805,锡1805,SHFE,CTP,期货,1,10.0
cu1709C42500,cu1709C42500,INE,CTP,期权,5,1.0
cu1709P57000,cu1709P57000,INE,CTP,期权,5,1.0
MA706,甲醇MA706,CZCE,CTP,期货,10,1.0
MA707,甲醇MA707,CZCE,CTP,期货,10,1.0
au1708C125,au1708C125,INE,CTP,期权,1000,0.01
cu1711C33500,cu1711C33500,INE,CTP,期权,5,1.0
au1708C120,au1708C120,INE,CTP,期权,1000,0.01
PM803,普通小麦803,CZCE,CTP,期货,50,1.0
PM801,普通小麦801,CZCE,CTP,期货,50,1.0
cu1712P34500,cu1712P34500,INE,CTP,期权,5,1.0
cu1710C52000,cu1710C52000,INE,CTP,期权,5,1.0
PM805,普通小麦805,CZCE,CTP,期货,50,1.0
al1802,铝1802,SHFE,CTP,期货,5,5.0
al1803,铝1803,SHFE,CTP,期货,5,5.0
cu1709P45000,cu1709P45000,INE,CTP,期权,5,1.0
al1801,铝1801,SHFE,CTP,期货,5,5.0
al1804,铝1804,SHFE,CTP,期货,5,5.0
al1805,铝1805,SHFE,CTP,期货,5,5.0
fb1805,纤维板1805,DCE,CTP,期货,500,0.05
cu1709C58000,cu1709C58000,INE,CTP,期权,5,1.0
fb1801,纤维板1801,DCE,CTP,期货,500,0.05
cu1707P42000,cu1707P42000,INE,CTP,期权,5,1.0
fb1803,纤维板1803,DCE,CTP,期货,500,0.05
fb1802,纤维板1802,DCE,CTP,期货,500,0.05
cu1707C45000,cu1707C45000,INE,CTP,期权,5,1.0
fu1707,燃料油1707,SHFE,CTP,期货,50,1.0
fb1711,纤维板1711,DCE,CTP,期货,500,0.05
cu1710C43000,cu1710C43000,INE,CTP,期权,5,1.0
cu1711C35500,cu1711C35500,INE,CTP,期权,5,1.0
IC1709,中证500股指1709,CFFEX,CTP,期货,200,0.2
IC1706,中证500股指1706,CFFEX,CTP,期货,200,0.2
IC1707,中证500股指1707,CFFEX,CTP,期货,200,0.2
hc1709,热轧板1709,SHFE,CTP,期货,10,1.0
hc1708,热轧板1708,SHFE,CTP,期货,10,1.0
zn1706,锌1706,SHFE,CTP,期货,5,5.0
zn1707,锌1707,SHFE,CTP,期货,5,5.0
cu1709P48000,cu1709P48000,INE,CTP,期权,5,1.0
zn1708,锌1708,SHFE,CTP,期货,5,5.0
zn1709,锌1709,SHFE,CTP,期货,5,5.0
cu1712P36000,cu1712P36000,INE,CTP,期权,5,1.0
hc1707,热轧板1707,SHFE,CTP,期货,10,1.0
hc1706,热轧板1706,SHFE,CTP,期货,10,1.0
cu1710P49000,cu1710P49000,INE,CTP,期权,5,1.0
au1710C100,au1710C100,INE,CTP,期权,1000,0.01
cu1708C49000,cu1708C49000,INE,CTP,期权,5,1.0
au1710P75,au1710P75,INE,CTP,期权,1000,0.01
p1712,棕榈油1712,DCE,CTP,期货,10,2.0
rb1707,螺纹钢1707,SHFE,CTP,期货,10,1.0
p1710,棕榈油1710,DCE,CTP,期货,10,2.0
p1711,棕榈油1711,DCE,CTP,期货,10,2.0
sc1708,原油1708,INE,CTP,期货,100,0.2
sc1709,原油1709,INE,CTP,期货,100,0.2
cu1707P42500,cu1707P42500,INE,CTP,期权,5,1.0
sc1706,原油1706,INE,CTP,期货,100,0.2
sc1707,原油1707,INE,CTP,期货,100,0.2
cu1708C43500,cu1708C43500,INE,CTP,期权,5,1.0
rb1708,螺纹钢1708,SHFE,CTP,期货,10,1.0
cu1707C40500,cu1707C40500,INE,CTP,期权,5,1.0
b1801,黄大豆2号1801,DCE,CTP,期货,10,1.0
b1803,黄大豆2号1803,DCE,CTP,期货,10,1.0
b1805,黄大豆2号1805,DCE,CTP,期货,10,1.0
au1804P85,au1804P85,INE,CTP,期权,1000,0.01
au1804P80,au1804P80,INE,CTP,期权,1000,0.01
cu1707P40000,cu1707P40000,INE,CTP,期权,5,1.0
cu1708C38500,cu1708C38500,INE,CTP,期权,5,1.0
cu1710C44500,cu1710C44500,INE,CTP,期权,5,1.0
au1710P90,au1710P90,INE,CTP,期权,1000,0.01
au1710P95,au1710P95,INE,CTP,期权,1000,0.01
MA709,甲醇MA709,CZCE,CTP,期货,10,1.0
cu1709C46500,cu1709C46500,INE,CTP,期权,5,1.0
pp1711,聚丙烯1711,DCE,CTP,期货,5,1.0
pp1710,聚丙烯1710,DCE,CTP,期货,5,1.0
au1712C70,au1712C70,INE,CTP,期权,1000,0.01
pp1712,聚丙烯1712,DCE,CTP,期货,5,1.0
cu1710P53000,cu1710P53000,INE,CTP,期权,5,1.0
au1712C75,au1712C75,INE,CTP,期权,1000,0.01
cu1707P33000,cu1707P33000,INE,CTP,期权,5,1.0
cu1709P47500,cu1709P47500,INE,CTP,期权,5,1.0
cu1707P46500,cu1707P46500,INE,CTP,期权,5,1.0
LR801,晚籼稻801,CZCE,CTP,期货,20,1.0
j1801,焦炭1801,DCE,CTP,期货,100,0.5
j1802,焦炭1802,DCE,CTP,期货,100,0.5
j1803,焦炭1803,DCE,CTP,期货,100,0.5
j1804,焦炭1804,DCE,CTP,期货,100,0.5
j1805,焦炭1805,DCE,CTP,期货,100,0.5
wr1707,线材1707,SHFE,CTP,期货,10,1.0
wr1706,线材1706,SHFE,CTP,期货,10,1.0
cu1709P47000,cu1709P47000,INE,CTP,期权,5,1.0
PM711,普通小麦711,CZCE,CTP,期货,50,1.0
wr1709,线材1709,SHFE,CTP,期货,10,1.0
wr1708,线材1708,SHFE,CTP,期货,10,1.0
au1707C40,au1707C40,INE,CTP,期权,1000,0.01
niefp,niefp,INE,CTP,未知,1,10.0
rb1805,螺纹钢1805,SHFE,CTP,期货,10,1.0
cu1710C44000,cu1710C44000,INE,CTP,期权,5,1.0
cu1707C35500,cu1707C35500,INE,CTP,期权,5,1.0
cu1709C48500,cu1709C48500,INE,CTP,期权,5,1.0
rb1804,螺纹钢1804,SHFE,CTP,期货,10,1.0
cu1707C40000,cu1707C40000,INE,CTP,期权,5,1.0
RI801,早籼稻801,CZCE,CTP,期货,20,1.0
au1708P130,au1708P130,INE,CTP,期权,1000,0.01
au1708P135,au1708P135,INE,CTP,期权,1000,0.01
cu1711P38000,cu1711P38000,INE,CTP,期权,5,1.0
au1710C90,au1710C90,INE,CTP,期权,1000,0.01
cu1711P34500,cu1711P34500,INE,CTP,期权,5,1.0
au1710C95,au1710C95,INE,CTP,期权,1000,0.01
cu1708P44500,cu1708P44500,INE,CTP,期权,5,1.0
sc1711,原油1711,INE,CTP,期货,100,0.2
RS711,油菜籽711,CZCE,CTP,期货,10,1.0
ag1801,白银1801,SHFE,CTP,期货,15,1.0
TA803,化纤803,CZCE,CTP,期货,5,2.0
ag1803,白银1803,SHFE,CTP,期货,15,1.0
ag1802,白银1802,SHFE,CTP,期货,15,1.0
ag1711,白银1711,SHFE,CTP,期货,15,1.0
ag1710,白银1710,SHFE,CTP,期货,15,1.0
TA710,化纤710,CZCE,CTP,期货,5,2.0
fb1804,纤维板1804,DCE,CTP,期货,500,0.05
cuefp,cuefp,INE,CTP,未知,5,10.0
jm1706,焦煤1706,DCE,CTP,期货,60,0.5
j1707,焦炭1707,DCE,CTP,期货,100,0.5
cu1707P30500,cu1707P30500,INE,CTP,期权,5,1.0
j1706,焦炭1706,DCE,CTP,期货,100,0.5
cu1708P45500,cu1708P45500,INE,CTP,期权,5,1.0
jd1712,鲜鸡蛋1712,DCE,CTP,期货,10,1.0
jd1711,鲜鸡蛋1711,DCE,CTP,期货,10,1.0
jd1710,鲜鸡蛋1710,DCE,CTP,期货,10,1.0
cu1709C56000,cu1709C56000,INE,CTP,期权,5,1.0
au1708C75,au1708C75,INE,CTP,期权,1000,0.01
cu1708C48500,cu1708C48500,INE,CTP,期权,5,1.0
au1712,黄金1712,SHFE,CTP,期货,1000,0.05
cu1708P42000,cu1708P42000,INE,CTP,期权,5,1.0
TA712,化纤712,CZCE,CTP,期货,5,2.0
m1805,豆粕1805,DCE,CTP,期货,10,1.0
bu1903,沥青1903,SHFE,CTP,期货,10,2.0
m1801,豆粕1801,DCE,CTP,期货,10,1.0
cu1709P43000,cu1709P43000,INE,CTP,期权,5,1.0
cu1710C54000,cu1710C54000,INE,CTP,期权,5,1.0
cueof,cueof,INE,CTP,未知,5,0.01
cu1709C43000,cu1709C43000,INE,CTP,期权,5,1.0
au1708C70,au1708C70,INE,CTP,期权,1000,0.01
wr1802,线材1802,SHFE,CTP,期货,10,1.0
wr1803,线材1803,SHFE,CTP,期货,10,1.0
au1708C65,au1708C65,INE,CTP,期权,1000,0.01
cu1708P52000,cu1708P52000,INE,CTP,期权,5,1.0
a1811,黄大豆1号1811,DCE,CTP,期货,10,1.0
wr1804,线材1804,SHFE,CTP,期货,10,1.0
wr1805,线材1805,SHFE,CTP,期货,10,1.0
JR711,粳稻711,CZCE,CTP,期货,20,1.0
ru1804,天然橡胶1804,SHFE,CTP,期货,10,5.0
au1804P75,au1804P75,INE,CTP,期权,1000,0.01
cu1709P41500,cu1709P41500,INE,CTP,期权,5,1.0
cu1707P46000,cu1707P46000,INE,CTP,期权,5,1.0
au1708P100,au1708P100,INE,CTP,期权,1000,0.01
b1707,黄大豆2号1707,DCE,CTP,期货,10,1.0
cu1707C44500,cu1707C44500,INE,CTP,期权,5,1.0
fu1710,燃料油1710,SHFE,CTP,期货,50,1.0
fu1711,燃料油1711,SHFE,CTP,期货,50,1.0
cu1710P43000,cu1710P43000,INE,CTP,期权,5,1.0
cu1707P30000,cu1707P30000,INE,CTP,期权,5,1.0
au1802P65,au1802P65,INE,CTP,期权,1000,0.01
fu1712,燃料油1712,SHFE,CTP,期货,50,1.0
cu1708,铜1708,SHFE,CTP,期货,5,10.0
cu1709,铜1709,SHFE,CTP,期货,5,10.0
cu1706,铜1706,SHFE,CTP,期货,5,10.0
cu1707,铜1707,SHFE,CTP,期货,5,10.0
cu1712P34000,cu1712P34000,INE,CTP,期权,5,1.0
cu1707C45500,cu1707C45500,INE,CTP,期权,5,1.0
cu1707C46500,cu1707C46500,INE,CTP,期权,5,1.0
wr1801,线材1801,SHFE,CTP,期货,10,1.0
cu1710P45000,cu1710P45000,INE,CTP,期权,5,1.0
cu1707C38000,cu1707C38000,INE,CTP,期权,5,1.0
cu1707P36500,cu1707P36500,INE,CTP,期权,5,1.0
ni1802,镍1802,SHFE,CTP,期货,1,10.0
cu1710C48000,cu1710C48000,INE,CTP,期权,5,1.0
WH711,强筋麦711,CZCE,CTP,期货,20,1.0
T1712,10年国债1712,CFFEX,CTP,期货,10000,0.005
cu1709P51000,cu1709P51000,INE,CTP,期权,5,1.0
cu1708C50000,cu1708C50000,INE,CTP,期权,5,1.0
jm1804,焦煤1804,DCE,CTP,期货,60,0.5
jm1805,焦煤1805,DCE,CTP,期货,60,0.5
jm1802,焦煤1802,DCE,CTP,期货,60,0.5
jm1803,焦煤1803,DCE,CTP,期货,60,0.5
CF709,棉花709,CZCE,CTP,期货,5,5.0
jm1801,焦煤1801,DCE,CTP,期货,60,0.5
CF707,棉花707,CZCE,CTP,期货,5,5.0
cu1707C34000,cu1707C34000,INE,CTP,期权,5,1.0
au1712P70,au1712P70,INE,CTP,期权,1000,0.01
pb1712,铅1712,SHFE,CTP,期货,5,5.0
pb1711,铅1711,SHFE,CTP,期货,5,5.0
pb1710,铅1710,SHFE,CTP,期货,5,5.0
cu1707C35000,cu1707C35000,INE,CTP,期权,5,1.0
cu1707P39000,cu1707P39000,INE,CTP,期权,5,1.0
au1710C110,au1710C110,INE,CTP,期权,1000,0.01
cu1710C42500,cu1710C42500,INE,CTP,期权,5,1.0
cu1708C47500,cu1708C47500,INE,CTP,期权,5,1.0
cu1711C34000,cu1711C34000,INE,CTP,期权,5,1.0
i1712,铁矿石1712,DCE,CTP,期货,100,0.5
i1711,铁矿石1711,DCE,CTP,期货,100,0.5
i1710,铁矿石1710,DCE,CTP,期货,100,0.5
cu1708P48500,cu1708P48500,INE,CTP,期权,5,1.0
cu1708C41000,cu1708C41000,INE,CTP,期权,5,1.0
cu1707C38500,cu1707C38500,INE,CTP,期权,5,1.0
cu1710P55000,cu1710P55000,INE,CTP,期权,5,1.0
au1707C60,au1707C60,INE,CTP,期权,1000,0.01
ZC712,动力煤ZC712,CZCE,CTP,期货,100,0.2
cu1708P47000,cu1708P47000,INE,CTP,期权,5,1.0
RI709,早籼稻709,CZCE,CTP,期货,20,1.0
ZC711,动力煤ZC711,CZCE,CTP,期货,100,0.2
RI707,早籼稻707,CZCE,CTP,期货,20,1.0
cu1709P59000,cu1709P59000,INE,CTP,期权,5,1.0
cu1707C46000,cu1707C46000,INE,CTP,期权,5,1.0
SF801,硅铁801,CZCE,CTP,期货,5,2.0
SF802,硅铁802,CZCE,CTP,期货,5,2.0
SF803,硅铁803,CZCE,CTP,期货,5,2.0
SF804,硅铁804,CZCE,CTP,期货,5,2.0
SF805,硅铁805,CZCE,CTP,期货,5,2.0
au1712C85,au1712C85,INE,CTP,期权,1000,0.01
LR709,晚籼稻709,CZCE,CTP,期货,20,1.0
cu1707P36000,cu1707P36000,INE,CTP,期权,5,1.0
cu1712C39000,cu1712C39000,INE,CTP,期权,5,1.0
znefp,znefp,INE,CTP,未知,5,5.0
LR707,晚籼稻707,CZCE,CTP,期货,20,1.0
bb1706,胶合板1706,DCE,CTP,期货,500,0.05
bb1707,胶合板1707,DCE,CTP,期货,500,0.05
sc1912,原油1912,INE,CTP,期货,100,0.2
m1708,豆粕1708,DCE,CTP,期货,10,1.0
cu1709P46000,cu1709P46000,INE,CTP,期权,5,1.0
cu1708P40500,cu1708P40500,INE,CTP,期权,5,1.0
bb1708,胶合板1708,DCE,CTP,期货,500,0.05
bb1709,胶合板1709,DCE,CTP,期货,500,0.05
cu1708P48000,cu1708P48000,INE,CTP,期权,5,1.0
fb1706,纤维板1706,DCE,CTP,期货,500,0.05
fb1707,纤维板1707,DCE,CTP,期货,500,0.05
SR811,白砂糖811,CZCE,CTP,期货,10,1.0
fb1709,纤维板1709,DCE,CTP,期货,500,0.05
cu1709P53000,cu1709P53000,INE,CTP,期权,5,1.0
cu1708C51000,cu1708C51000,INE,CTP,期权,5,1.0
agefp,agefp,INE,CTP,未知,15,1.0
au1708C135,au1708C135,INE,CTP,期权,1000,0.01
au1710P65,au1710P65,INE,CTP,期权,1000,0.01
SR807,白砂糖807,CZCE,CTP,期货,10,1.0
au1708C130,au1708C130,INE,CTP,期权,1000,0.01
cu1708C42500,cu1708C42500,INE,CTP,期权,5,1.0
cu1708P47500,cu1708P47500,INE,CTP,期权,5,1.0
bb1805,胶合板1805,DCE,CTP,期货,500,0.05
TF1706,5年国债1706,CFFEX,CTP,期货,10000,0.005
m1712,豆粕1712,DCE,CTP,期货,10,1.0
m1711,豆粕1711,DCE,CTP,期货,10,1.0
SR801,白砂糖801,CZCE,CTP,期货,10,1.0
cu1708C43000,cu1708C43000,INE,CTP,期权,5,1.0
bb1712,胶合板1712,DCE,CTP,期货,500,0.05
cu1708P45000,cu1708P45000,INE,CTP,期权,5,1.0
cu1707C28500,cu1707C28500,INE,CTP,期权,5,1.0
au1708C110,au1708C110,INE,CTP,期权,1000,0.01
cu1710C49500,cu1710C49500,INE,CTP,期权,5,1.0
cu1708P50000,cu1708P50000,INE,CTP,期权,5,1.0
au1710P100,au1710P100,INE,CTP,期权,1000,0.01
alefp,alefp,INE,CTP,未知,5,5.0
ni1712,镍1712,SHFE,CTP,期货,1,10.0
ni1710,镍1710,SHFE,CTP,期货,1,10.0
ni1805,镍1805,SHFE,CTP,期货,1,10.0
cu1710C51000,cu1710C51000,INE,CTP,期权,5,1.0
ni1803,镍1803,SHFE,CTP,期货,1,10.0
ni1801,镍1801,SHFE,CTP,期货,1,10.0
cu1707C37000,cu1707C37000,INE,CTP,期权,5,1.0
RM709,菜籽粕709,CZCE,CTP,期货,10,1.0
RM708,菜籽粕708,CZCE,CTP,期货,10,1.0
cu1708P39000,cu1708P39000,INE,CTP,期权,5,1.0
cu1709C54000,cu1709C54000,INE,CTP,期权,5,1.0
zn1711,锌1711,SHFE,CTP,期货,5,5.0
zn1710,锌1710,SHFE,CTP,期货,5,5.0
zn1712,锌1712,SHFE,CTP,期货,5,5.0
cu1707P41000,cu1707P41000,INE,CTP,期权,5,1.0
au1710P105,au1710P105,INE,CTP,期权,1000,0.01
cu1707C31500,cu1707C31500,INE,CTP,期权,5,1.0
au1712P75,au1712P75,INE,CTP,期权,1000,0.01
au1706,黄金1706,SHFE,CTP,期货,1000,0.05
cu1709C49500,cu1709C49500,INE,CTP,期权,5,1.0
cu1710C50000,cu1710C50000,INE,CTP,期权,5,1.0
cu1709P42500,cu1709P42500,INE,CTP,期权,5,1.0
sc2003,原油2003,INE,CTP,期货,100,0.2
au1707P65,au1707P65,INE,CTP,期权,1000,0.01
au1707P60,au1707P60,INE,CTP,期权,1000,0.01
SR711,白砂糖711,CZCE,CTP,期货,10,1.0
rb1801,螺纹钢1801,SHFE,CTP,期货,10,1.0
rb1803,螺纹钢1803,SHFE,CTP,期货,10,1.0
rb1802,螺纹钢1802,SHFE,CTP,期货,10,1.0
rb1711,螺纹钢1711,SHFE,CTP,期货,10,1.0
rb1710,螺纹钢1710,SHFE,CTP,期货,10,1.0
rb1712,螺纹钢1712,SHFE,CTP,期货,10,1.0
sc1712,原油1712,INE,CTP,期货,100,0.2
cu1710P47000,cu1710P47000,INE,CTP,期权,5,1.0
sc1710,原油1710,INE,CTP,期货,100,0.2
cu1710P42500,cu1710P42500,INE,CTP,期权,5,1.0
SM712,锰硅712,CZCE,CTP,期货,5,2.0
cu1707P44000,cu1707P44000,INE,CTP,期权,5,1.0
cu1711P33000,cu1711P33000,INE,CTP,期权,5,1.0
cu1708C53000,cu1708C53000,INE,CTP,期权,5,1.0
cu1707P35500,cu1707P35500,INE,CTP,期权,5,1.0
cu1707P31500,cu1707P31500,INE,CTP,期权,5,1.0
au1708C150,au1708C150,INE,CTP,期权,1000,0.01
au1708P90,au1708P90,INE,CTP,期权,1000,0.01
au1710P80,au1710P80,INE,CTP,期权,1000,0.01
cu1707P29000,cu1707P29000,INE,CTP,期权,5,1.0
au1710P85,au1710P85,INE,CTP,期权,1000,0.01
au1804C85,au1804C85,INE,CTP,期权,1000,0.01
au1804C80,au1804C80,INE,CTP,期权,1000,0.01
cu1707C42500,cu1707C42500,INE,CTP,期权,5,1.0
cu1709C59000,cu1709C59000,INE,CTP,期权,5,1.0
cu1707C31000,cu1707C31000,INE,CTP,期权,5,1.0
sc1812,原油1812,INE,CTP,期货,100,0.2
FG709,玻璃709,CZCE,CTP,期货,20,1.0
cu1708P56000,cu1708P56000,INE,CTP,期权,5,1.0
cu1711P40500,cu1711P40500,INE,CTP,期权,5,1.0
cu1710C46500,cu1710C46500,INE,CTP,期权,5,1.0
cu1711P36000,cu1711P36000,INE,CTP,期权,5,1.0
au1804C70,au1804C70,INE,CTP,期权,1000,0.01
cu1709C44500,cu1709C44500,INE,CTP,期权,5,1.0
snefp,snefp,INE,CTP,未知,1,10.0
au1804C75,au1804C75,INE,CTP,期权,1000,0.01
cu1710C40000,cu1710C40000,INE,CTP,期权,5,1.0
cu1711C40000,cu1711C40000,INE,CTP,期权,5,1.0
WH803,强筋麦803,CZCE,CTP,期货,20,1.0
WH801,强筋麦801,CZCE,CTP,期货,20,1.0
cs1709,玉米淀粉1709,DCE,CTP,期货,10,1.0
WH805,强筋麦805,CZCE,CTP,期货,20,1.0
cs1707,玉米淀粉1707,DCE,CTP,期货,10,1.0
cu1708C40500,cu1708C40500,INE,CTP,期权,5,1.0
cu1710P51000,cu1710P51000,INE,CTP,期权,5,1.0
jm1712,焦煤1712,DCE,CTP,期货,60,0.5
jm1710,焦煤1710,DCE,CTP,期货,60,0.5
jm1711,焦煤1711,DCE,CTP,期货,60,0.5
cu1707C29000,cu1707C29000,INE,CTP,期权,5,1.0
pbefp,pbefp,INE,CTP,未知,5,5.0
jd1802,鲜鸡蛋1802,DCE,CTP,期货,10,1.0
jd1801,鲜鸡蛋1801,DCE,CTP,期货,10,1.0
cu1708C46000,cu1708C46000,INE,CTP,期权,5,1.0
cu1709C55000,cu1709C55000,INE,CTP,期权,5,1.0
jd1804,鲜鸡蛋1804,DCE,CTP,期货,10,1.0
OI711,菜籽油711,CZCE,CTP,期货,10,2.0
cu1709C42000,cu1709C42000,INE,CTP,期权,5,1.0
cu1708P53000,cu1708P53000,INE,CTP,期权,5,1.0
cu1712P39000,cu1712P39000,INE,CTP,期权,5,1.0
cu1707C47500,cu1707C47500,INE,CTP,期权,5,1.0
rb1706,螺纹钢1706,SHFE,CTP,期货,10,1.0
cu1707P47500,cu1707P47500,INE,CTP,期权,5,1.0
l1709,聚乙烯1709,DCE,CTP,期货,5,5.0
l1708,聚乙烯1708,DCE,CTP,期货,5,5.0
l1707,聚乙烯1707,DCE,CTP,期货,5,5.0
l1706,聚乙烯1706,DCE,CTP,期货,5,5.0
au1712P90,au1712P90,INE,CTP,期权,1000,0.01
ZC802,动力煤ZC802,CZCE,CTP,期货,100,0.2
ZC803,动力煤ZC803,CZCE,CTP,期货,100,0.2
ZC801,动力煤ZC801,CZCE,CTP,期货,100,0.2
RM801,菜籽粕801,CZCE,CTP,期货,10,1.0
ZC804,动力煤ZC804,CZCE,CTP,期货,100,0.2
RM803,菜籽粕803,CZCE,CTP,期货,10,1.0
cu1708C46500,cu1708C46500,INE,CTP,期权,5,1.0
cu1711P35500,cu1711P35500,INE,CTP,期权,5,1.0
al1712,铝1712,SHFE,CTP,期货,5,5.0
al1710,铝1710,SHFE,CTP,期货,5,5.0
al1711,铝1711,SHFE,CTP,期货,5,5.0
au1804C90,au1804C90,INE,CTP,期权,1000,0.01
cu1711P40000,cu1711P40000,INE,CTP,期权,5,1.0
SR707,白砂糖707,CZCE,CTP,期货,10,1.0
SR709,白砂糖709,CZCE,CTP,期货,10,1.0
cu1707P31000,cu1707P31000,INE,CTP,期权,5,1.0
cu1711C40500,cu1711C40500,INE,CTP,期权,5,1.0
au1708P80,au1708P80,INE,CTP,期权,1000,0.01
au1708P85,au1708P85,INE,CTP,期权,1000,0.01
au1710C75,au1710C75,INE,CTP,期权,1000,0.01
au1708C145,au1708C145,INE,CTP,期权,1000,0.01
au1708P150,au1708P150,INE,CTP,期权,1000,0.01
au1708C140,au1708C140,INE,CTP,期权,1000,0.01
au1708P155,au1708P155,INE,CTP,期权,1000,0.01
cu1710C42000,cu1710C42000,INE,CTP,期权,5,1.0
SM711,锰硅711,CZCE,CTP,期货,5,2.0
SM710,锰硅710,CZCE,CTP,期货,5,2.0
cu1708P49500,cu1708P49500,INE,CTP,期权,5,1.0
JR709,粳稻709,CZCE,CTP,期货,20,1.0
JR707,粳稻707,CZCE,CTP,期货,20,1.0
cu1708C49500,cu1708C49500,INE,CTP,期权,5,1.0
i1803,铁矿石1803,DCE,CTP,期货,100,0.5
jd1803,鲜鸡蛋1803,DCE,CTP,期货,10,1.0
i1801,铁矿石1801,DCE,CTP,期货,100,0.5
cu1710P48000,cu1710P48000,INE,CTP,期权,5,1.0
cu1708C39000,cu1708C39000,INE,CTP,期权,5,1.0
i1805,铁矿石1805,DCE,CTP,期货,100,0.5
i1804,铁矿石1804,DCE,CTP,期货,100,0.5
cu1708C54000,cu1708C54000,INE,CTP,期权,5,1.0
MA805,甲醇MA805,CZCE,CTP,期货,10,1.0
rb1709,螺纹钢1709,SHFE,CTP,期货,10,1.0
MA803,甲醇MA803,CZCE,CTP,期货,10,1.0
MA802,甲醇MA802,CZCE,CTP,期货,10,1.0
MA801,甲醇MA801,CZCE,CTP,期货,10,1.0
bu1806,沥青1806,SHFE,CTP,期货,10,2.0
cu1712P36500,cu1712P36500,INE,CTP,期权,5,1.0
cu1710C53000,cu1710C53000,INE,CTP,期权,5,1.0
sn1712,锡1712,SHFE,CTP,期货,1,10.0
bu1803,沥青1803,SHFE,CTP,期货,10,2.0
sn1710,锡1710,SHFE,CTP,期货,1,10.0
sn1711,锡1711,SHFE,CTP,期货,1,10.0
auefp,auefp,INE,CTP,未知,1000,0.05
IF1712,沪深300股指1712,CFFEX,CTP,期货,300,0.2
bu1809,沥青1809,SHFE,CTP,期货,10,2.0
c1711,黄玉米1711,DCE,CTP,期货,10,1.0
cu1709P58000,cu1709P58000,INE,CTP,期权,5,1.0
cu1708P55000,cu1708P55000,INE,CTP,期权,5,1.0
fu1706,燃料油1706,SHFE,CTP,期货,50,1.0
c1801,黄玉米1801,DCE,CTP,期货,10,1.0
c1803,黄玉米1803,DCE,CTP,期货,10,1.0
au1708P120,au1708P120,INE,CTP,期权,1000,0.01
cu1711,铜1711,SHFE,CTP,期货,5,10.0
fu1708,燃料油1708,SHFE,CTP,期货,50,1.0
cu1712,铜1712,SHFE,CTP,期货,5,10.0
au1802C80,au1802C80,INE,CTP,期权,1000,0.01
au1802C85,au1802C85,INE,CTP,期权,1000,0.01
cu1709P46500,cu1709P46500,INE,CTP,期权,5,1.0
aueof,aueof,INE,CTP,未知,5,0.01
cu1707C36500,cu1707C36500,INE,CTP,期权,5,1.0
pb1803,铅1803,SHFE,CTP,期货,5,5.0
pb1802,铅1802,SHFE,CTP,期货,5,5.0
pb1801,铅1801,SHFE,CTP,期货,5,5.0
cu1708C57000,cu1708C57000,INE,CTP,期权,5,1.0
pb1805,铅1805,SHFE,CTP,期货,5,5.0
pb1804,铅1804,SHFE,CTP,期货,5,5.0
y1712,豆油1712,DCE,CTP,期货,10,2.0
y1711,豆油1711,DCE,CTP,期货,10,2.0
cu1710P41000,cu1710P41000,INE,CTP,期权,5,1.0
au1710P110,au1710P110,INE,CTP,期权,1000,0.01
CF711,棉花711,CZCE,CTP,期货,5,5.0
au1712P65,au1712P65,INE,CTP,期权,1000,0.01
au1802C65,au1802C65,INE,CTP,期权,1000,0.01
IF1709,沪深300股指1709,CFFEX,CTP,期货,300,0.2
TA802,化纤802,CZCE,CTP,期货,5,2.0
au1707P55,au1707P55,INE,CTP,期权,1000,0.01
cu1712C36000,cu1712C36000,INE,CTP,期权,5,1.0
i1706,铁矿石1706,DCE,CTP,期货,100,0.5
i1707,铁矿石1707,DCE,CTP,期货,100,0.5
cu1709P43500,cu1709P43500,INE,CTP,期权,5,1.0
au1707P50,au1707P50,INE,CTP,期权,1000,0.01
au1710C105,au1710C105,INE,CTP,期权,1000,0.01
cu1707P41500,cu1707P41500,INE,CTP,期权,5,1.0
cu1707P34500,cu1707P34500,INE,CTP,期权,5,1.0
i1708,铁矿石1708,DCE,CTP,期货,100,0.5
i1709,铁矿石1709,DCE,CTP,期货,100,0.5
bb1711,胶合板1711,DCE,CTP,期货,500,0.05
cu1712C37500,cu1712C37500,INE,CTP,期权,5,1.0
cu1709C41500,cu1709C41500,INE,CTP,期权,5,1.0
cu1801,铜1801,SHFE,CTP,期货,5,10.0
cu1803,铜1803,SHFE,CTP,期货,5,10.0
cu1802,铜1802,SHFE,CTP,期货,5,10.0
cu1805,铜1805,SHFE,CTP,期货,5,10.0
cu1804,铜1804,SHFE,CTP,期货,5,10.0
cu1711C36500,cu1711C36500,INE,CTP,期权,5,1.0
wr1712,线材1712,SHFE,CTP,期货,10,1.0
cu1712C34000,cu1712C34000,INE,CTP,期权,5,1.0
RI711,早籼稻711,CZCE,CTP,期货,20,1.0
au1708P65,au1708P65,INE,CTP,期权,1000,0.01
cu1710P41500,cu1710P41500,INE,CTP,期权,5,1.0
IH1712,上证50股指1712,CFFEX,CTP,期货,300,0.2
au1712C80,au1712C80,INE,CTP,期权,1000,0.01
cu1707P32000,cu1707P32000,INE,CTP,期权,5,1.0
cu1707C39500,cu1707C39500,INE,CTP,期权,5,1.0
sn1709,锡1709,SHFE,CTP,期货,1,10.0
au1712C90,au1712C90,INE,CTP,期权,1000,0.01
b1709,黄大豆2号1709,DCE,CTP,期货,10,1.0
sn1708,锡1708,SHFE,CTP,期货,1,10.0
fu1803,燃料油1803,SHFE,CTP,期货,50,1.0
au1708C95,au1708C95,INE,CTP,期权,1000,0.01
fu1801,燃料油1801,SHFE,CTP,期货,50,1.0
fu1804,燃料油1804,SHFE,CTP,期货,50,1.0
fu1805,燃料油1805,SHFE,CTP,期货,50,1.0
cu1711C39000,cu1711C39000,INE,CTP,期权,5,1.0
cu1708C44000,cu1708C44000,INE,CTP,期权,5,1.0
cu1707C43000,cu1707C43000,INE,CTP,期权,5,1.0
bb1801,胶合板1801,DCE,CTP,期货,500,0.05
SR805,白砂糖805,CZCE,CTP,期货,10,1.0
bb1803,胶合板1803,DCE,CTP,期货,500,0.05
bb1802,胶合板1802,DCE,CTP,期货,500,0.05
cu1708P44000,cu1708P44000,INE,CTP,期权,5,1.0
bb1710,胶合板1710,DCE,CTP,期货,500,0.05
jm1707,焦煤1707,DCE,CTP,期货,60,0.5
SR803,白砂糖803,CZCE,CTP,期货,10,1.0
cu1709P54000,cu1709P54000,INE,CTP,期权,5,1.0
SR809,白砂糖809,CZCE,CTP,期货,10,1.0
wr1710,线材1710,SHFE,CTP,期货,10,1.0
cu1711P38500,cu1711P38500,INE,CTP,期权,5,1.0
fb1710,纤维板1710,DCE,CTP,期货,500,0.05
fb1712,纤维板1712,DCE,CTP,期货,500,0.05
cu1707P45500,cu1707P45500,INE,CTP,期权,5,1.0
cu1710C47000,cu1710C47000,INE,CTP,期权,5,1.0
cu1710C41500,cu1710C41500,INE,CTP,期权,5,1.0
cu1709P56000,cu1709P56000,INE,CTP,期权,5,1.0
cu1709C45000,cu1709C45000,INE,CTP,期权,5,1.0
pp1805,聚丙烯1805,DCE,CTP,期货,5,1.0
pp1804,聚丙烯1804,DCE,CTP,期货,5,1.0
pp1801,聚丙烯1801,DCE,CTP,期货,5,1.0
FG708,玻璃708,CZCE,CTP,期货,20,1.0
pp1803,聚丙烯1803,DCE,CTP,期货,5,1.0
pp1802,聚丙烯1802,DCE,CTP,期货,5,1.0
au1708C100,au1708C100,INE,CTP,期权,1000,0.01
cu1707C39000,cu1707C39000,INE,CTP,期权,5,1.0
FG706,玻璃706,CZCE,CTP,期货,20,1.0
au1708C105,au1708C105,INE,CTP,期权,1000,0.01
cu1711C38500,cu1711C38500,INE,CTP,期权,5,1.0
cu1709P50000,cu1709P50000,INE,CTP,期权,5,1.0
m1709,豆粕1709,DCE,CTP,期货,10,1.0
cu1711C36000,cu1711C36000,INE,CTP,期权,5,1.0
au1708P115,au1708P115,INE,CTP,期权,1000,0.01
LR803,晚籼稻803,CZCE,CTP,期货,20,1.0
au1708P110,au1708P110,INE,CTP,期权,1000,0.01
TF1712,5年国债1712,CFFEX,CTP,期货,10000,0.005
au1710C70,au1710C70,INE,CTP,期权,1000,0.01
cu1710P50000,cu1710P50000,INE,CTP,期权,5,1.0
m1707,豆粕1707,DCE,CTP,期货,10,1.0
FG805,玻璃805,CZCE,CTP,期货,20,1.0
cu1708P41000,cu1708P41000,INE,CTP,期权,5,1.0
cu1709C43500,cu1709C43500,INE,CTP,期权,5,1.0
RM805,菜籽粕805,CZCE,CTP,期货,10,1.0
cu1708C56000,cu1708C56000,INE,CTP,期权,5,1.0
T1706,10年国债1706,CFFEX,CTP,期货,10000,0.005
cu1709C57000,cu1709C57000,INE,CTP,期权,5,1.0
cu1711P37500,cu1711P37500,INE,CTP,期权,5,1.0
cu1712P33500,cu1712P33500,INE,CTP,期权,5,1.0
cu1710C47500,cu1710C47500,INE,CTP,期权,5,1.0
T1709,10年国债1709,CFFEX,CTP,期货,10000,0.005
ag1805,白银1805,SHFE,CTP,期货,15,1.0
cu1707C43500,cu1707C43500,INE,CTP,期权,5,1.0
cu1710P43500,cu1710P43500,INE,CTP,期权,5,1.0
au1710C85,au1710C85,INE,CTP,期权,1000,0.01
au1802P90,au1802P90,INE,CTP,期权,1000,0.01
cu1710C55000,cu1710C55000,INE,CTP,期权,5,1.0
ZC805,动力煤ZC805,CZCE,CTP,期货,100,0.2
au1802P95,au1802P95,INE,CTP,期权,1000,0.01
cu1709P44000,cu1709P44000,INE,CTP,期权,5,1.0
cu1710P54000,cu1710P54000,INE,CTP,期权,5,1.0
ni1707,镍1707,SHFE,CTP,期货,1,10.0
ni1706,镍1706,SHFE,CTP,期货,1,10.0
ni1709,镍1709,SHFE,CTP,期货,1,10.0
ni1708,镍1708,SHFE,CTP,期货,1,10.0
RM711,菜籽粕711,CZCE,CTP,期货,10,1.0
TA805,化纤805,CZCE,CTP,期货,5,2.0
cu1709C45500,cu1709C45500,INE,CTP,期权,5,1.0
cu1707C36000,cu1707C36000,INE,CTP,期权,5,1.0
au1707C65,au1707C65,INE,CTP,期权,1000,0.01
cu1710C48500,cu1710C48500,INE,CTP,期权,5,1.0
cu1710P52000,cu1710P52000,INE,CTP,期权,5,1.0
cu1707P38500,cu1707P38500,INE,CTP,期权,5,1.0
cu1707P43500,cu1707P43500,INE,CTP,期权,5,1.0
v1804,聚氯乙烯1804,DCE,CTP,期货,5,5.0
pp1706,聚丙烯1706,DCE,CTP,期货,5,1.0
ag1712,白银1712,SHFE,CTP,期货,15,1.0
cu1712C33500,cu1712C33500,INE,CTP,期权,5,1.0
cu1708C48000,cu1708C48000,INE,CTP,期权,5,1.0
cu1708P42500,cu1708P42500,INE,CTP,期权,5,1.0
cu1710P45500,cu1710P45500,INE,CTP,期权,5,1.0
cu1709C47000,cu1709C47000,INE,CTP,期权,5,1.0
v1801,聚氯乙烯1801,DCE,CTP,期货,5,5.0
im1708,im1708,INE,CTP,期货,10,0.2
im1709,im1709,INE,CTP,期货,10,0.2
cu1707P44500,cu1707P44500,INE,CTP,期权,5,1.0
cu1712P37000,cu1712P37000,INE,CTP,期权,5,1.0
cu1711P37000,cu1711P37000,INE,CTP,期权,5,1.0
CF801,棉花801,CZCE,CTP,期货,5,5.0
CF803,棉花803,CZCE,CTP,期货,5,5.0
CF805,棉花805,CZCE,CTP,期货,5,5.0
cu1712C36500,cu1712C36500,INE,CTP,期权,5,1.0
im1707,im1707,INE,CTP,期货,10,0.2
cu1712P38500,cu1712P38500,INE,CTP,期权,5,1.0
TA804,化纤804,CZCE,CTP,期货,5,2.0
cu1711C41000,cu1711C41000,INE,CTP,期权,5,1.0
cu1707P47000,cu1707P47000,INE,CTP,期权,5,1.0
cu1708C52000,cu1708C52000,INE,CTP,期权,5,1.0
cu1707P38000,cu1707P38000,INE,CTP,期权,5,1.0
bu1709,沥青1709,SHFE,CTP,期货,10,2.0
im1706,im1706,INE,CTP,期货,10,0.2
cu1709P48500,cu1709P48500,INE,CTP,期权,5,1.0
au1712P95,au1712P95,INE,CTP,期权,1000,0.01
cu1707C29500,cu1707C29500,INE,CTP,期权,5,1.0
cu1707C37500,cu1707C37500,INE,CTP,期权,5,1.0
y1803,豆油1803,DCE,CTP,期货,10,2.0
bu1710,沥青1710,SHFE,CTP,期货,10,2.0
bu1711,沥青1711,SHFE,CTP,期货,10,2.0
y1805,豆油1805,DCE,CTP,期货,10,2.0
cu1712C39500,cu1712C39500,INE,CTP,期权,5,1.0
cu1707P43000,cu1707P43000,INE,CTP,期权,5,1.0
cu1712P38000,cu1712P38000,INE,CTP,期权,5,1.0
buefp,buefp,INE,CTP,未知,10,2.0
cu1707P37500,cu1707P37500,INE,CTP,期权,5,1.0
cu1712P37500,cu1712P37500,INE,CTP,期权,5,1.0
fb1708,纤维板1708,DCE,CTP,期货,500,0.05
sc1809,原油1809,INE,CTP,期货,100,0.2
cu1707C41000,cu1707C41000,INE,CTP,期权,5,1.0
cu1709P55000,cu1709P55000,INE,CTP,期权,5,1.0
sc1803,原油1803,INE,CTP,期货,100,0.2
sc1802,原油1802,INE,CTP,期货,100,0.2
sc1801,原油1801,INE,CTP,期货,100,0.2
sc1806,原油1806,INE,CTP,期货,100,0.2
sc1805,原油1805,INE,CTP,期货,100,0.2
sc1804,原油1804,INE,CTP,期货,100,0.2
v1709,聚氯乙烯1709,DCE,CTP,期货,5,5.0
v1708,聚氯乙烯1708,DCE,CTP,期货,5,5.0
au1707C45,au1707C45,INE,CTP,期权,1000,0.01
cs1711,玉米淀粉1711,DCE,CTP,期货,10,1.0
v1707,聚氯乙烯1707,DCE,CTP,期货,5,5.0
v1706,聚氯乙烯1706,DCE,CTP,期货,5,5.0
cu1710C43500,cu1710C43500,INE,CTP,期权,5,1.0
j1709,焦炭1709,DCE,CTP,期货,100,0.5
j1708,焦炭1708,DCE,CTP,期货,100,0.5
jm1709,焦煤1709,DCE,CTP,期货,60,0.5
jm1708,焦煤1708,DCE,CTP,期货,60,0.5
OI707,菜籽油707,CZCE,CTP,期货,10,2.0
ru1710,天然橡胶1710,SHFE,CTP,期货,10,5.0
ru1711,天然橡胶1711,SHFE,CTP,期货,10,5.0
cu1707P33500,cu1707P33500,INE,CTP,期权,5,1.0
ru1803,天然橡胶1803,SHFE,CTP,期货,10,5.0
ru1801,天然橡胶1801,SHFE,CTP,期货,10,5.0
cu1710C45000,cu1710C45000,INE,CTP,期权,5,1.0
cu1709P52000,cu1709P52000,INE,CTP,期权,5,1.0
OI709,菜籽油709,CZCE,CTP,期货,10,2.0
au1712P80,au1712P80,INE,CTP,期权,1000,0.01
a1711,黄大豆1号1711,DCE,CTP,期货,10,1.0
au1712P85,au1712P85,INE,CTP,期权,1000,0.01
l1712,聚乙烯1712,DCE,CTP,期货,5,5.0
l1710,聚乙烯1710,DCE,CTP,期货,5,5.0
l1711,聚乙烯1711,DCE,CTP,期货,5,5.0
al1709,铝1709,SHFE,CTP,期货,5,5.0
al1708,铝1708,SHFE,CTP,期货,5,5.0
SF709,硅铁709,CZCE,CTP,期货,5,2.0
SF708,硅铁708,CZCE,CTP,期货,5,2.0
SF707,硅铁707,CZCE,CTP,期货,5,2.0
SF706,硅铁706,CZCE,CTP,期货,5,2.0
al1707,铝1707,SHFE,CTP,期货,5,5.0
al1706,铝1706,SHFE,CTP,期货,5,5.0
cu1707P37000,cu1707P37000,INE,CTP,期权,5,1.0
RI803,早籼稻803,CZCE,CTP,期货,20,1.0
hcefp,hcefp,INE,CTP,未知,10,2.0
cu1707C41500,cu1707C41500,INE,CTP,期权,5,1.0
cu1708P43000,cu1708P43000,INE,CTP,期权,5,1.0
cu1708P43500,cu1708P43500,INE,CTP,期权,5,1.0
MA712,甲醇MA712,CZCE,CTP,期货,10,1.0
MA711,甲醇MA711,CZCE,CTP,期货,10,1.0
MA710,甲醇MA710,CZCE,CTP,期货,10,1.0
au1708P95,au1708P95,INE,CTP,期权,1000,0.01
p1804,棕榈油1804,DCE,CTP,期货,10,2.0
p1805,棕榈油1805,DCE,CTP,期货,10,2.0
p1802,棕榈油1802,DCE,CTP,期货,10,2.0
p1803,棕榈油1803,DCE,CTP,期货,10,2.0
au1708C155,au1708C155,INE,CTP,期权,1000,0.01
p1801,棕榈油1801,DCE,CTP,期货,10,2.0
au1708P140,au1708P140,INE,CTP,期权,1000,0.01
hc1804,热轧板1804,SHFE,CTP,期货,10,1.0
hc1805,热轧板1805,SHFE,CTP,期货,10,1.0
au1708P145,au1708P145,INE,CTP,期权,1000,0.01
hc1803,热轧板1803,SHFE,CTP,期货,10,1.0
hc1801,热轧板1801,SHFE,CTP,期货,10,1.0
SM706,锰硅706,CZCE,CTP,期货,5,2.0
SM707,锰硅707,CZCE,CTP,期货,5,2.0
PM707,普通小麦707,CZCE,CTP,期货,50,1.0
cu1707P35000,cu1707P35000,INE,CTP,期权,5,1.0
cu1709C47500,cu1709C47500,INE,CTP,期权,5,1.0
cu1709C49000,cu1709C49000,INE,CTP,期权,5,1.0
PM709,普通小麦709,CZCE,CTP,期货,50,1.0
SM708,锰硅708,CZCE,CTP,期货,5,2.0
SM709,锰硅709,CZCE,CTP,期货,5,2.0
cu1707C30000,cu1707C30000,INE,CTP,期权,5,1.0
cu1710P40500,cu1710P40500,INE,CTP,期权,5,1.0
l1802,聚乙烯1802,DCE,CTP,期货,5,5.0
l1803,聚乙烯1803,DCE,CTP,期货,5,5.0
l1801,聚乙烯1801,DCE,CTP,期货,5,5.0
l1804,聚乙烯1804,DCE,CTP,期货,5,5.0
l1805,聚乙烯1805,DCE,CTP,期货,5,5.0
sn1707,锡1707,SHFE,CTP,期货,1,10.0
sn1706,锡1706,SHFE,CTP,期货,1,10.0
au1707P40,au1707P40,INE,CTP,期权,1000,0.01
cu1708P51000,cu1708P51000,INE,CTP,期权,5,1.0
bu1812,沥青1812,SHFE,CTP,期货,10,2.0
cu1710P44000,cu1710P44000,INE,CTP,期权,5,1.0
IF1707,沪深300股指1707,CFFEX,CTP,期货,300,0.2
IF1706,沪深300股指1706,CFFEX,CTP,期货,300,0.2
OI801,菜籽油801,CZCE,CTP,期货,10,2.0
cu1707C30500,cu1707C30500,INE,CTP,期权,5,1.0
OI803,菜籽油803,CZCE,CTP,期货,10,2.0
OI805,菜籽油805,CZCE,CTP,期货,10,2.0
c1707,黄玉米1707,DCE,CTP,期货,10,1.0
TF1709,5年国债1709,CFFEX,CTP,期货,10000,0.005
JR801,粳稻801,CZCE,CTP,期货,20,1.0
cu1709C50000,cu1709C50000,INE,CTP,期权,5,1.0
JR803,粳稻803,CZCE,CTP,期货,20,1.0
c1709,黄玉米1709,DCE,CTP,期货,10,1.0
JR805,粳稻805,CZCE,CTP,期货,20,1.0
cu1712C35500,cu1712C35500,INE,CTP,期权,5,1.0
cu1708C44500,cu1708C44500,INE,CTP,期权,5,1.0
au1802C95,au1802C95,INE,CTP,期权,1000,0.01
y1707,豆油1707,DCE,CTP,期货,10,2.0
au1802C90,au1802C90,INE,CTP,期权,1000,0.01
i1802,铁矿石1802,DCE,CTP,期货,100,0.5
hc1712,热轧板1712,SHFE,CTP,期货,10,1.0
v1805,聚氯乙烯1805,DCE,CTP,期货,5,5.0
hc1710,热轧板1710,SHFE,CTP,期货,10,1.0
hc1711,热轧板1711,SHFE,CTP,期货,10,1.0
y1708,豆油1708,DCE,CTP,期货,10,2.0
y1709,豆油1709,DCE,CTP,期货,10,2.0
v1802,聚氯乙烯1802,DCE,CTP,期货,5,5.0
v1803,聚氯乙烯1803,DCE,CTP,期货,5,5.0
cu1707P29500,cu1707P29500,INE,CTP,期权,5,1.0
cu1709P41000,cu1709P41000,INE,CTP,期权,5,1.0
cu1710C49000,cu1710C49000,INE,CTP,期权,5,1.0
hc1802,热轧板1802,SHFE,CTP,期货,10,1.0
cu1710P49500,cu1710P49500,INE,CTP,期权,5,1.0
cu1707C33000,cu1707C33000,INE,CTP,期权,5,1.0
c1805,黄玉米1805,DCE,CTP,期货,10,1.0
cu1707C44000,cu1707C44000,INE,CTP,期权,5,1.0
au1806,黄金1806,SHFE,CTP,期货,1000,0.05
au1802C70,au1802C70,INE,CTP,期权,1000,0.01
au1804,黄金1804,SHFE,CTP,期货,1000,0.05
cu1708C39500,cu1708C39500,INE,CTP,期权,5,1.0
RI805,早籼稻805,CZCE,CTP,期货,20,1.0
au1802C75,au1802C75,INE,CTP,期权,1000,0.01
au1707P45,au1707P45,INE,CTP,期权,1000,0.01
p1707,棕榈油1707,DCE,CTP,期货,10,2.0
p1706,棕榈油1706,DCE,CTP,期货,10,2.0
p1709,棕榈油1709,DCE,CTP,期货,10,2.0
p1708,棕榈油1708,DCE,CTP,期货,10,2.0
SM801,锰硅801,CZCE,CTP,期货,5,2.0
cu1709P44500,cu1709P44500,INE,CTP,期权,5,1.0
SM803,锰硅803,CZCE,CTP,期货,5,2.0
SM802,锰硅802,CZCE,CTP,期货,5,2.0
SM805,锰硅805,CZCE,CTP,期货,5,2.0
SM804,锰硅804,CZCE,CTP,期货,5,2.0
cu1709P45500,cu1709P45500,INE,CTP,期权,5,1.0
au1804P95,au1804P95,INE,CTP,期权,1000,0.01
cu1707P40500,cu1707P40500,INE,CTP,期权,5,1.0
cu1711P36500,cu1711P36500,INE,CTP,期权,5,1.0
cu1707C32000,cu1707C32000,INE,CTP,期权,5,1.0
cu1708P39500,cu1708P39500,INE,CTP,期权,5,1.0
cu1708C55000,cu1708C55000,INE,CTP,期权,5,1.0
au1708P70,au1708P70,INE,CTP,期权,1000,0.01
cu1709P42000,cu1709P42000,INE,CTP,期权,5,1.0
au1708P75,au1708P75,INE,CTP,期权,1000,0.01
cu1712P35500,cu1712P35500,INE,CTP,期权,5,1.0
b1711,黄大豆2号1711,DCE,CTP,期货,10,1.0
au1712C65,au1712C65,INE,CTP,期权,1000,0.01
pp1707,聚丙烯1707,DCE,CTP,期货,5,1.0
IH1707,上证50股指1707,CFFEX,CTP,期货,300,0.2
IH1706,上证50股指1706,CFFEX,CTP,期货,300,0.2
IH1709,上证50股指1709,CFFEX,CTP,期货,300,0.2
pp1708,聚丙烯1708,DCE,CTP,期货,5,1.0
pp1709,聚丙烯1709,DCE,CTP,期货,5,1.0
au1708C85,au1708C85,INE,CTP,期权,1000,0.01
au1804P90,au1804P90,INE,CTP,期权,1000,0.01
cu1708C40000,cu1708C40000,INE,CTP,期权,5,1.0
cu1707C47000,cu1707C47000,INE,CTP,期权,5,1.0
cu1707C34500,cu1707C34500,INE,CTP,期权,5,1.0
cu1707C33500,cu1707C33500,INE,CTP,期权,5,1.0
cu1708P40000,cu1708P40000,INE,CTP,期权,5,1.0
cu1711C34500,cu1711C34500,INE,CTP,期权,5,1.0
cu1710P44500,cu1710P44500,INE,CTP,期权,5,1.0
cu1709C52000,cu1709C52000,INE,CTP,期权,5,1.0
cu1707C28000,cu1707C28000,INE,CTP,期权,5,1.0
cu1709C51000,cu1709C51000,INE,CTP,期权,5,1.0
cu1708C41500,cu1708C41500,INE,CTP,期权,5,1.0
cu1712P39500,cu1712P39500,INE,CTP,期权,5,1.0
cu1707P39500,cu1707P39500,INE,CTP,期权,5,1.0
wr1711,线材1711,SHFE,CTP,期货,10,1.0
cu1711C33000,cu1711C33000,INE,CTP,期权,5,1.0
cu1708P46500,cu1708P46500,INE,CTP,期权,5,1.0
cu1710P42000,cu1710P42000,INE,CTP,期权,5,1.0
cu1709C41000,cu1709C41000,INE,CTP,期权,5,1.0
cu1708P54000,cu1708P54000,INE,CTP,期权,5,1.0
j1711,焦炭1711,DCE,CTP,期货,100,0.5
cu1712P35000,cu1712P35000,INE,CTP,期权,5,1.0
cu1710P48500,cu1710P48500,INE,CTP,期权,5,1.0
scefp,scefp,INE,CTP,未知,100,0.2
cu1711P39500,cu1711P39500,INE,CTP,期权,5,1.0
cu1707P28500,cu1707P28500,INE,CTP,期权,5,1.0
au1708C115,au1708C115,INE,CTP,期权,1000,0.01
FG712,玻璃712,CZCE,CTP,期货,20,1.0
cu1709C46000,cu1709C46000,INE,CTP,期权,5,1.0
FG710,玻璃710,CZCE,CTP,期货,20,1.0
FG711,玻璃711,CZCE,CTP,期货,20,1.0
au1708P105,au1708P105,INE,CTP,期权,1000,0.01
au1710C80,au1710C80,INE,CTP,期权,1000,0.01
cu1707C32500,cu1707C32500,INE,CTP,期权,5,1.0
TA801,化纤801,CZCE,CTP,期货,5,2.0
RS709,油菜籽709,CZCE,CTP,期货,10,1.0
RS708,油菜籽708,CZCE,CTP,期货,10,1.0
cu1708P57000,cu1708P57000,INE,CTP,期权,5,1.0
RS707,油菜籽707,CZCE,CTP,期货,10,1.0
cu1708P49000,cu1708P49000,INE,CTP,期权,5,1.0
ag1804,白银1804,SHFE,CTP,期货,15,1.0
ag1706,白银1706,SHFE,CTP,期货,15,1.0
ag1707,白银1707,SHFE,CTP,期货,15,1.0
TA707,化纤707,CZCE,CTP,期货,5,2.0
TA706,化纤706,CZCE,CTP,期货,5,2.0
sn1803,锡1803,SHFE,CTP,期货,1,10.0
cu1711C39500,cu1711C39500,INE,CTP,期权,5,1.0
cu1709C53000,cu1709C53000,INE,CTP,期权,5,1.0
TA711,化纤711,CZCE,CTP,期货,5,2.0
TA709,化纤709,CZCE,CTP,期货,5,2.0
TA708,化纤708,CZCE,CTP,期货,5,2.0
ag1708,白银1708,SHFE,CTP,期货,15,1.0
ag1709,白银1709,SHFE,CTP,期货,15,1.0
jd1708,鲜鸡蛋1708,DCE,CTP,期货,10,1.0
jd1709,鲜鸡蛋1709,DCE,CTP,期货,10,1.0
jd1705,鲜鸡蛋1705,DCE,CTP,期货,10,1.0
jd1706,鲜鸡蛋1706,DCE,CTP,期货,10,1.0
jd1707,鲜鸡蛋1707,DCE,CTP,期货,10,1.0
au1710P70,au1710P70,INE,CTP,期权,1000,0.01
cu1712C38500,cu1712C38500,INE,CTP,期权,5,1.0
cu1710P40000,cu1710P40000,INE,CTP,期权,5,1.0
cu1712C34500,cu1712C34500,INE,CTP,期权,5,1.0
cu1711P39000,cu1711P39000,INE,CTP,期权,5,1.0
cu1708C42000,cu1708C42000,INE,CTP,期权,5,1.0
au1708P125,au1708P125,INE,CTP,期权,1000,0.01
ruefp,ruefp,INE,CTP,未知,10,5.0
au1708,黄金1708,SHFE,CTP,期货,1000,0.05
cu1711C37500,cu1711C37500,INE,CTP,期权,5,1.0
cu1708P46000,cu1708P46000,INE,CTP,期权,5,1.0
FG802,玻璃802,CZCE,CTP,期货,20,1.0
FG803,玻璃803,CZCE,CTP,期货,20,1.0
au1708C90,au1708C90,INE,CTP,期权,1000,0.01
cu1709P49500,cu1709P49500,INE,CTP,期权,5,1.0
au1710C65,au1710C65,INE,CTP,期权,1000,0.01
FG804,玻璃804,CZCE,CTP,期货,20,1.0
au1707,黄金1707,SHFE,CTP,期货,1000,0.05
fu1709,燃料油1709,SHFE,CTP,期货,50,1.0
cu1708P38500,cu1708P38500,INE,CTP,期权,5,1.0
cu1710,铜1710,SHFE,CTP,期货,5,10.0
au1708C80,au1708C80,INE,CTP,期权,1000,0.01
a1809,黄大豆1号1809,DCE,CTP,期货,10,1.0
cu1711P34000,cu1711P34000,INE,CTP,期权,5,1.0
a1803,黄大豆1号1803,DCE,CTP,期货,10,1.0
a1801,黄大豆1号1801,DCE,CTP,期货,10,1.0
a1807,黄大豆1号1807,DCE,CTP,期货,10,1.0
a1805,黄大豆1号1805,DCE,CTP,期货,10,1.0
cu1712C35000,cu1712C35000,INE,CTP,期权,5,1.0
im1712,im1712,INE,CTP,期货,10,0.2
zn1804,锌1804,SHFE,CTP,期货,5,5.0
au1804C95,au1804C95,INE,CTP,期权,1000,0.01
cu1710C46000,cu1710C46000,INE,CTP,期权,5,1.0
MA804,甲醇MA804,CZCE,CTP,期货,10,1.0
FG707,玻璃707,CZCE,CTP,期货,20,1.0
au1802P75,au1802P75,INE,CTP,期权,1000,0.01
au1802P70,au1802P70,INE,CTP,期权,1000,0.01
sc1906,原油1906,INE,CTP,期货,100,0.2
cu1711P41000,cu1711P41000,INE,CTP,期权,5,1.0
cu1710C45500,cu1710C45500,INE,CTP,期权,5,1.0
cu1707P34000,cu1707P34000,INE,CTP,期权,5,1.0
cu1709P49000,cu1709P49000,INE,CTP,期权,5,1.0
wrefp,wrefp,INE,CTP,未知,10,1.0
ni1804,镍1804,SHFE,CTP,期货,1,10.0
cu1712C37000,cu1712C37000,INE,CTP,期权,5,1.0
WH707,强筋麦707,CZCE,CTP,期货,20,1.0
ni1711,镍1711,SHFE,CTP,期货,1,10.0
cu1711C37000,cu1711C37000,INE,CTP,期权,5,1.0
cu1708C45500,cu1708C45500,INE,CTP,期权,5,1.0
au1802P80,au1802P80,INE,CTP,期权,1000,0.01
RM707,菜籽粕707,CZCE,CTP,期货,10,1.0
WH709,强筋麦709,CZCE,CTP,期货,20,1.0
au1802P85,au1802P85,INE,CTP,期权,1000,0.01
bb1804,胶合板1804,DCE,CTP,期货,500,0.05
FG801,玻璃801,CZCE,CTP,期货,20,1.0
bu1712,沥青1712,SHFE,CTP,期货,10,2.0
a1707,黄大豆1号1707,DCE,CTP,期货,10,1.0
bu1707,沥青1707,SHFE,CTP,期货,10,2.0
bu1706,沥青1706,SHFE,CTP,期货,10,2.0
cs1803,玉米淀粉1803,DCE,CTP,期货,10,1.0
bu1708,沥青1708,SHFE,CTP,期货,10,2.0
cs1801,玉米淀粉1801,DCE,CTP,期货,10,1.0
cu1710P47500,cu1710P47500,INE,CTP,期权,5,1.0
y1801,豆油1801,DCE,CTP,期货,10,2.0
cs1805,玉米淀粉1805,DCE,CTP,期货,10,1.0
au1804P70,au1804P70,INE,CTP,期权,1000,0.01
pb1706,铅1706,SHFE,CTP,期货,5,5.0
pb1707,铅1707,SHFE,CTP,期货,5,5.0
cu1711P33500,cu1711P33500,INE,CTP,期权,5,1.0
pb1708,铅1708,SHFE,CTP,期货,5,5.0
pb1709,铅1709,SHFE,CTP,期货,5,5.0
cu1708C47000,cu1708C47000,INE,CTP,期权,5,1.0
cu1707P28000,cu1707P28000,INE,CTP,期权,5,1.0
IC1712,中证500股指1712,CFFEX,CTP,期货,200,0.2
v1710,聚氯乙烯1710,DCE,CTP,期货,5,5.0
v1711,聚氯乙烯1711,DCE,CTP,期货,5,5.0
v1712,聚氯乙烯1712,DCE,CTP,期货,5,5.0
LR805,晚籼稻805,CZCE,CTP,期货,20,1.0
ZC710,动力煤ZC710,CZCE,CTP,期货,100,0.2
fuefp,fuefp,INE,CTP,未知,50,1.0
au1710,黄金1710,SHFE,CTP,期货,1000,0.05
cu1711C38000,cu1711C38000,INE,CTP,期权,5,1.0
ZC707,动力煤ZC707,CZCE,CTP,期货,100,0.2
ZC706,动力煤ZC706,CZCE,CTP,期货,100,0.2
cu1708C45000,cu1708C45000,INE,CTP,期权,5,1.0
cu1712C38000,cu1712C38000,INE,CTP,期权,5,1.0
ZC709,动力煤ZC709,CZCE,CTP,期货,100,0.2
ZC708,动力煤ZC708,CZCE,CTP,期货,100,0.2
au1707C50,au1707C50,INE,CTP,期权,1000,0.01
cu1710P46500,cu1710P46500,INE,CTP,期权,5,1.0
cu1711P35000,cu1711P35000,INE,CTP,期权,5,1.0
j1710,焦炭1710,DCE,CTP,期货,100,0.5
m1803,豆粕1803,DCE,CTP,期货,10,1.0
j1712,焦炭1712,DCE,CTP,期货,100,0.5
cu1709C48000,cu1709C48000,INE,CTP,期权,5,1.0
cu1710C41000,cu1710C41000,INE,CTP,期权,5,1.0
rbefp,rbefp,INE,CTP,未知,10,1.0
cu1707C42000,cu1707C42000,INE,CTP,期权,5,1.0
ru1707,天然橡胶1707,SHFE,CTP,期货,10,5.0
ru1706,天然橡胶1706,SHFE,CTP,期货,10,5.0
ru1709,天然橡胶1709,SHFE,CTP,期货,10,5.0
ru1708,天然橡胶1708,SHFE,CTP,期货,10,5.0
LR711,晚籼稻711,CZCE,CTP,期货,20,1.0
zn1805,锌1805,SHFE,CTP,期货,5,5.0
sc1903,原油1903,INE,CTP,期货,100,0.2
cu1710C40500,cu1710C40500,INE,CTP,期权,5,1.0
zn1801,锌1801,SHFE,CTP,期货,5,5.0
a1709,黄大豆1号1709,DCE,CTP,期货,10,1.0
zn1803,锌1803,SHFE,CTP,期货,5,5.0
zn1802,锌1802,SHFE,CTP,期货,5,5.0
au1802,黄金1802,SHFE,CTP,期货,1000,0.05
sc1909,原油1909,INE,CTP,期货,100,0.2
ru1805,天然橡胶1805,SHFE,CTP,期货,10,5.0
au1707C55,au1707C55,INE,CTP,期权,1000,0.01
cu1708P41500,cu1708P41500,INE,CTP,期权,5,1.0
cu1711C35000,cu1711C35000,INE,CTP,期权,5,1.0
cu1709C44000,cu1709C44000,INE,CTP,期权,5,1.0
au1712C95,au1712C95,INE,CTP,期权,1000,0.01
SF710,硅铁710,CZCE,CTP,期货,5,2.0
SF711,硅铁711,CZCE,CTP,期货,5,2.0
SF712,硅铁712,CZCE,CTP,期货,5,2.0
cu1707P32500,cu1707P32500,INE,CTP,期权,5,1.0
cu1707P45000,cu1707P45000,INE,CTP,期权,5,1.0
cu1710P46000,cu1710P46000,INE,CTP,期权,5,1.0
